DATE,IUMABEDR,LPMAUYM
31 Jan 1988,8.375,304916
29 Feb 1988,8.875,305936
31 Mar 1988,8.6359,317466
30 Apr 1988,7.9539,319160
31 May 1988,7.625,323310
30 Jun 1988,8.2841,330201
31 Jul 1988,9.8512,337768
31 Aug 1988,10.9432,341063
30 Sep 1988,11.875,348408
31 Oct 1988,11.875,350634
30 Nov 1988,12.0568,353182
31 Dec 1988,12.875,358233
31 Jan 1989,12.875,360121
28 Feb 1989,12.875,362272
31 Mar 1989,12.875,372978
30 Apr 1989,12.875,375367
31 May 1989,13.0417,382164
30 Jun 1989,13.75,392145
31 Jul 1989,13.75,396248
31 Aug 1989,13.7543,402168
30 Sep 1989,13.7783,410154
31 Oct 1989,14.6705,412602
30 Nov 1989,14.875,416558
31 Dec 1989,14.875,426322
31 Jan 1990,14.875,429443
28 Feb 1990,14.875,432445
31 Mar 1990,14.875,442516
30 Apr 1990,14.875,444652
31 May 1990,14.875,449986
30 Jun 1990,14.875,460339
31 Jul 1990,14.875,460134
31 Aug 1990,14.875,463612
30 Sep 1990,14.875,469845
31 Oct 1990,14.0924,469964
30 Nov 1990,13.875,474792
31 Dec 1990,13.875,477138
31 Jan 1991,13.875,477025
28 Feb 1991,13.525,478170
31 Mar 1991,12.75,485691
30 Apr 1991,12.0655,487882
31 May 1991,11.756,491436
30 Jun 1991,11.375,496311
31 Jul 1991,11.0707,494629
31 Aug 1991,10.875,495502
30 Sep 1991,10.4226,500736
31 Oct 1991,10.375,498203
30 Nov 1991,10.375,500291
31 Dec 1991,10.375,504133
31 Jan 1992,10.375,502697
29 Feb 1992,10.375,504362
31 Mar 1992,10.375,510186
30 Apr 1992,10.375,512339
31 May 1992,9.9013,513941
30 Jun 1992,9.875,517411
31 Jul 1992,9.875,518600
31 Aug 1992,9.875,518043
30 Sep 1992,9.5568,521215
31 Oct 1992,8.375,522497
30 Nov 1992,7.3036,519196
31 Dec 1992,6.875,517883
31 Jan 1993,6.675,514110
28 Feb 1993,5.875,515943
31 Mar 1993,5.875,523757
30 Apr 1993,5.875,524906
31 May 1993,5.875,527697
30 Jun 1993,5.875,529014
31 Jul 1993,5.875,530719
31 Aug 1993,5.875,530962
30 Sep 1993,5.875,533672
31 Oct 1993,5.875,536703
30 Nov 1993,5.7386,538138
31 Dec 1993,5.375,544055
31 Jan 1994,5.375,542640
28 Feb 1994,5.1875,545126
31 Mar 1994,5.125,554948
30 Apr 1994,5.125,555553
31 May 1994,5.125,556209
30 Jun 1994,5.125,558024
31 Jul 1994,5.125,557068
31 Aug 1994,5.125,557482
30 Sep 1994,5.4659,560906
31 Oct 1994,5.625,559477
30 Nov 1994,5.625,563747
31 Dec 1994,6.025,567157
31 Jan 1995,6.125,564864
28 Feb 1995,6.6,569619
31 Mar 1995,6.625,583647
30 Apr 1995,6.625,583593
31 May 1995,6.625,589225
30 Jun 1995,6.625,595309
31 Jul 1995,6.625,601851
31 Aug 1995,6.625,603945
30 Sep 1995,6.625,606183
31 Oct 1995,6.625,608574
30 Nov 1995,6.625,616189
31 Dec 1995,6.4803,623385
31 Jan 1996,6.2614,625273
29 Feb 1996,6.125,627175
31 Mar 1996,5.9821,640047
30 Apr 1996,5.9375,640485
31 May 1996,5.9375,646691
30 Jun 1996,5.725,654010
31 Jul 1996,5.6875,655463
31 Aug 1996,5.6875,660549
30 Sep 1996,5.6875,666483
31 Oct 1996,5.7092,672162
30 Nov 1996,5.9375,683166
31 Dec 1996,5.9375,682786
31 Jan 1997,5.9375,686547
28 Feb 1997,5.9375,696890
31 Mar 1997,5.9375,711327
30 Apr 1997,5.9375,705241
31 May 1997,6.2188,719259
30 Jun 1997,6.4524,728240
31 Jul 1997,6.6739,733359
31 Aug 1997,6.95,737700
30 Sep 1997,7,705833
31 Oct 1997,7,708252
30 Nov 1997,7.2125,717673
31 Dec 1997,7.25,722127
31 Jan 1998,7.25,720862
28 Feb 1998,7.25,730520
31 Mar 1998,7.25,742599
30 Apr 1998,7.25,741862
31 May 1998,7.25,748980
30 Jun 1998,7.4659,757046
31 Jul 1998,7.5,766833
31 Aug 1998,7.5,761417
30 Sep 1998,7.5,768779
31 Oct 1998,7.3068,771386
30 Nov 1998,6.8214,779849
31 Dec 1998,6.4167,783353
31 Jan 1999,6.0375,777257
28 Feb 1999,5.575,785741
31 Mar 1999,5.5,793023
30 Apr 1999,5.2875,798943
31 May 1999,5.25,803972
30 Jun 1999,5.0795,800943
31 Jul 1999,5,796996
31 Aug 1999,5,797266
30 Sep 1999,5.1932,793825
31 Oct 1999,5.25,799557
30 Nov 1999,5.4659,805837
31 Dec 1999,5.5,816599
31 Jan 2000,5.6625,802218
29 Feb 2000,5.9167,810154
31 Mar 2000,6,836297
30 Apr 2000,6,840891
31 May 2000,6,847578
30 Jun 2000,6,856281
31 Jul 2000,6,852283
31 Aug 2000,6,867233
30 Sep 2000,6,866433
31 Oct 2000,6,874644
30 Nov 2000,6,875080
31 Dec 2000,6,884873
31 Jan 2001,6,881010
28 Feb 2001,5.8125,885596
31 Mar 2001,5.75,905747
30 Apr 2001,5.5395,905664
31 May 2001,5.3214,909348
30 Jun 2001,5.25,921501
31 Jul 2001,5.25,918779
31 Aug 2001,5.0114,930304
30 Sep 2001,4.8875,937102
31 Oct 2001,4.5326,942397
30 Nov 2001,4.1136,945976
31 Dec 2001,4,942597
31 Jan 2002,4,931131
28 Feb 2002,4,941610
31 Mar 2002,4,955213
30 Apr 2002,4,955207
31 May 2002,4,959186
30 Jun 2002,4,975723
31 Jul 2002,4,970882
31 Aug 2002,4,982339
30 Sep 2002,4,989429
31 Oct 2002,4,994788
30 Nov 2002,4,1002748
31 Dec 2002,4,1008743
31 Jan 2003,4,994313
28 Feb 2003,3.7875,1004811
31 Mar 2003,3.75,1020634
30 Apr 2003,3.75,1029286
31 May 2003,3.75,1033352
30 Jun 2003,3.75,1048107
31 Jul 2003,3.5761,1036717
31 Aug 2003,3.5,1040285
30 Sep 2003,3.5,1051162
31 Oct 2003,3.5,1055020
30 Nov 2003,3.7125,1070558
31 Dec 2003,3.75,1081297
31 Jan 2004,3.75,1080314
29 Feb 2004,3.9625,1087908
31 Mar 2004,4,1101924
30 Apr 2004,4,1109180
31 May 2004,4.2237,1121195
30 Jun 2004,4.4205,1133430
31 Jul 2004,4.5,1133336
31 Aug 2004,4.7143,1143250
30 Sep 2004,4.75,1148486
31 Oct 2004,4.75,1158428
30 Nov 2004,4.75,1166772
31 Dec 2004,4.75,1179213
31 Jan 2005,4.75,1177489
28 Feb 2005,4.75,1189134
31 Mar 2005,4.75,1216945
30 Apr 2005,4.75,1223676
31 May 2005,4.75,1242167
30 Jun 2005,4.75,1250565
31 Jul 2005,4.75,1256392
31 Aug 2005,4.5341,1255471
30 Sep 2005,4.5,1277155
31 Oct 2005,4.5,1287977
30 Nov 2005,4.5,1308216
31 Dec 2005,4.5,1328317
31 Jan 2006,4.5,1319606
28 Feb 2006,4.5,1335626
31 Mar 2006,4.5,1365995
30 Apr 2006,4.5,1379719
31 May 2006,4.5,1386640
30 Jun 2006,4.5,1420491
31 Jul 2006,4.5,1418710
31 Aug 2006,4.7273,1427335
30 Sep 2006,4.75,1460453
31 Oct 2006,4.75,1469444
30 Nov 2006,4.9318,1479852
31 Dec 2006,5,1498963
31 Jan 2007,5.1705,1491549
28 Feb 2007,5.25,1506575
31 Mar 2007,5.25,1543480
30 Apr 2007,5.25,1556855
31 May 2007,5.4286,1577718
30 Jun 2007,5.5,1601033
31 Jul 2007,5.7159,1603335
31 Aug 2007,5.75,1623888
30 Sep 2007,5.75,1647005
31 Oct 2007,5.75,1642477
30 Nov 2007,5.75,1648331
31 Dec 2007,5.5395,1673926
31 Jan 2008,5.5,1681358
29 Feb 2008,5.2976,1689258
31 Mar 2008,5.25,1718620
30 Apr 2008,5.0795,1724656
31 May 2008,5,1736720
30 Jun 2008,5,1767575
31 Jul 2008,5,1765102
31 Aug 2008,5,1786116
30 Sep 2008,5,1822875
31 Oct 2008,4.6087,1880561
30 Nov 2008,3.225,1908347
31 Dec 2008,2.1429,1937239
31 Jan 2009,1.5952,1969542
28 Feb 2009,1.075,1991491
31 Mar 2009,0.5682,2010515
30 Apr 2009,0.5,1979833
31 May 2009,0.5,1982459
30 Jun 2009,0.5,1977414
31 Jul 2009,0.5,1986306
31 Aug 2009,0.5,1988244
30 Sep 2009,0.5,2009174
31 Oct 2009,0.5,2060138
30 Nov 2009,0.5,2056548
31 Dec 2009,0.5,2041859
31 Jan 2010,0.5,2209180
28 Feb 2010,0.5,2209391
31 Mar 2010,0.5,2219529
30 Apr 2010,0.5,2213342
31 May 2010,0.5,2200657
30 Jun 2010,0.5,2200167
31 Jul 2010,0.5,2200271
31 Aug 2010,0.5,2174254
30 Sep 2010,0.5,2183251
31 Oct 2010,0.5,2188059
30 Nov 2010,0.5,2177885
31 Dec 2010,0.5,2156043
31 Jan 2011,0.5,2149941
28 Feb 2011,0.5,2145090
31 Mar 2011,0.5,2162639
30 Apr 2011,0.5,2161721
31 May 2011,0.5,2161301
30 Jun 2011,0.5,2155527
31 Jul 2011,0.5,2152487
31 Aug 2011,0.5,2143297
30 Sep 2011,0.5,2134294
31 Oct 2011,0.5,2121141
30 Nov 2011,0.5,2109812
31 Dec 2011,0.5,2089867
31 Jan 2012,0.5,2093991
29 Feb 2012,0.5,2066020
31 Mar 2012,0.5,2069025
30 Apr 2012,0.5,2085113
31 May 2012,0.5,2088515
30 Jun 2012,0.5,2067815
31 Jul 2012,0.5,2065145
31 Aug 2012,0.5,2076931
30 Sep 2012,0.5,2080683
31 Oct 2012,0.5,2075054
30 Nov 2012,0.5,2076047
31 Dec 2012,0.5,2091546
31 Jan 2013,0.5,2091415
28 Feb 2013,0.5,2095999
31 Mar 2013,0.5,2093327
30 Apr 2013,0.5,2090918
31 May 2013,0.5,2094663
30 Jun 2013,0.5,2097189
31 Jul 2013,0.5,2108475
31 Aug 2013,0.5,2129499
30 Sep 2013,0.5,2140026
31 Oct 2013,0.5,2138190
30 Nov 2013,0.5,2148760
31 Dec 2013,0.5,2106288
31 Jan 2014,0.5,2121896
28 Feb 2014,0.5,2142757
31 Mar 2014,0.5,2107979
30 Apr 2014,0.5,2100981
31 May 2014,0.5,2099829
30 Jun 2014,0.5,2109203
31 Jul 2014,0.5,2107036
31 Aug 2014,0.5,2119536
30 Sep 2014,0.5,2106578
31 Oct 2014,0.5,2102321
30 Nov 2014,0.5,2107910
31 Dec 2014,0.5,2104992
31 Jan 2015,0.5,2081953
28 Feb 2015,0.5,2081936
31 Mar 2015,0.5,2103856
30 Apr 2015,0.5,2106761
31 May 2015,0.5,2120531
30 Jun 2015,0.5,2110303
31 Jul 2015,0.5,2125877
31 Aug 2015,0.5,2114829
30 Sep 2015,0.5,2095628
31 Oct 2015,0.5,2110847
30 Nov 2015,0.5,2120864
31 Dec 2015,0.5,2118648
31 Jan 2016,0.5,2107729
29 Feb 2016,0.5,2127319
31 Mar 2016,0.5,2131949
30 Apr 2016,0.5,2128788
31 May 2016,0.5,2152368
30 Jun 2016,0.5,2190002
31 Jul 2016,0.5,2211733
31 Aug 2016,0.2841,2228608
30 Sep 2016,0.25,2228716
31 Oct 2016,0.25,2250349
30 Nov 2016,0.25,2260104
31 Dec 2016,0.25,2250850
31 Jan 2017,0.25,2251978
28 Feb 2017,0.25,2253881
31 Mar 2017,0.25,2288544
30 Apr 2017,0.25,2314769
31 May 2017,0.25,2308581
30 Jun 2017,0.25,2315892
31 Jul 2017,0.25,2310085
31 Aug 2017,0.25,2334228
30 Sep 2017,0.25,2356319
31 Oct 2017,0.25,2365257
30 Nov 2017,0.4886,2370654
31 Dec 2017,0.5,2359706
31 Jan 2018,0.5,2374781
28 Feb 2018,0.5,2369967
31 Mar 2018,0.5,2357802
30 Apr 2018,0.5,2358174
31 May 2018,0.5,2374732
30 Jun 2018,0.5,2376654
31 Jul 2018,0.5,2378662
31 Aug 2018,0.7386,2382975
30 Sep 2018,0.75,2385911
31 Oct 2018,0.75,2398049
30 Nov 2018,0.75,2401736
31 Dec 2018,0.75,2413625
31 Jan 2019,0.75,2397893
28 Feb 2019,0.75,2407494
31 Mar 2019,0.75,2413185
30 Apr 2019,0.75,2430030
31 May 2019,0.75,2427926
30 Jun 2019,0.75,2431141
31 Jul 2019,0.75,2442047
31 Aug 2019,0.75,2462571
30 Sep 2019,0.75,2476014
31 Oct 2019,0.75,2485613
30 Nov 2019,0.75,2511617
31 Dec 2019,0.75,2506007
31 Jan 2020,0.75,2515932
29 Feb 2020,0.75,2529476
31 Mar 2020,0.3477,2611266
30 Apr 2020,0.1,2667167
31 May 2020,0.1,2718580
30 Jun 2020,0.1,2745931
31 Jul 2020,0.1,2779271
31 Aug 2020,0.1,2762567
30 Sep 2020,0.1,2783967
31 Oct 2020,0.1,2780303
30 Nov 2020,0.1,2803181
31 Dec 2020,0.1,2818655
31 Jan 2021,0.1,2820782
28 Feb 2021,0.1,2843610
31 Mar 2021,0.1,2865857
30 Apr 2021,0.1,2882322
31 May 2021,0.1,2890995
30 Jun 2021,0.1,2912992
31 Jul 2021,0.1,2919159
31 Aug 2021,0.1,2923324
30 Sep 2021,0.1,2951447
31 Oct 2021,0.1,2973355
30 Nov 2021,0.1,2997756
31 Dec 2021,0.1714,2997262
31 Jan 2022,0.25,2973341
28 Feb 2022,0.475,3009706
31 Mar 2022,0.6196,3021952
30 Apr 2022,0.75,3021508
31 May 2022,0.9762,3034847
30 Jun 2022,1.1375,3031230
31 Jul 2022,1.25,3047594
31 Aug 2022,1.6818,3037904
30 Sep 2022,1.9167,3112918
31 Oct 2022,2.25,3111898
30 Nov 2022,2.9318,3074118
31 Dec 2022,3.25,3043883
31 Jan 2023,3.5,3055131
28 Feb 2023,3.975,3040558
31 Mar 2023,4.0761,3033352
30 Apr 2023,4.25,3027260
31 May 2023,4.425,3033372
30 Jun 2023,4.6591,3035223
31 Jul 2023,5,3011010
31 Aug 2023,5.2273,3013536
30 Sep 2023,5.25,2985668
31 Oct 2023,5.25,2990646
30 Nov 2023,5.25,3001301
31 Dec 2023,5.25,3011559
31 Jan 2024,5.25,2984195
29 Feb 2024,5.25,3004199
31 Mar 2024,5.25,3042590
30 Apr 2024,5.25,3038159
31 May 2024,5.25,3043197
30 Jun 2024,5.25,3061697
31 Jul 2024,5.25,3070316
31 Aug 2024,5,3061330
30 Sep 2024,5,3084007
31 Oct 2024,5,3083792
30 Nov 2024,4.7976,3096852
31 Dec 2024,4.75,3090269
31 Jan 2025,4.75,3117313
28 Feb 2025,4.5375,3127350
31 Mar 2025,4.5,3140616
30 Apr 2025,4.5,3135911
31 May 2025,4.3,3150050
30 Jun 2025,4.25,3156624
31 Jul 2025,4.25,3160983
31 Aug 2025,4.05,3164769
30 Sep 2025,4,3190943
31 Oct 2025,4,3190717
30 Nov 2025,4,3223759
31 Dec 2025,3.9048,3231619
31 Jan 2026,3.75,3210159
28 Feb 2026,3.75,3238755
31 Mar 2026,3.75,3277609
30 Apr 2026,3.75,3274696
31 May 2026,3.75,3283885
30 Jun 2026,3.75,3313417
31 Jul 2026,3.75,3302421
31 Aug 2026,3.75,3295865
